{
    "Day 1": {
        "('MAE', 'lstm_365_7_temp_new_FINAL_32_ewt')": 0.9535516557,
        "('RMSE', 'lstm_365_7_temp_new_FINAL_32_ewt')": 1.2183321416,
        "('Corr', 'lstm_365_7_temp_new_FINAL_32_ewt')": 0.9678961343
    },
    "Day 2": {
        "('MAE', 'lstm_365_7_temp_new_FINAL_32_ewt')": 1.0976397407,
        "('RMSE', 'lstm_365_7_temp_new_FINAL_32_ewt')": 1.4042249893,
        "('Corr', 'lstm_365_7_temp_new_FINAL_32_ewt')": 0.9558571391
    },
    "Day 3": {
        "('MAE', 'lstm_365_7_temp_new_FINAL_32_ewt')": 1.1398679451,
        "('RMSE', 'lstm_365_7_temp_new_FINAL_32_ewt')": 1.4581210619,
        "('Corr', 'lstm_365_7_temp_new_FINAL_32_ewt')": 0.9516648977
    },
    "Day 4": {
        "('MAE', 'lstm_365_7_temp_new_FINAL_32_ewt')": 1.2110350844,
        "('RMSE', 'lstm_365_7_temp_new_FINAL_32_ewt')": 1.5529518346,
        "('Corr', 'lstm_365_7_temp_new_FINAL_32_ewt')": 0.9456359691
    },
    "Day 5": {
        "('MAE', 'lstm_365_7_temp_new_FINAL_32_ewt')": 1.306209633,
        "('RMSE', 'lstm_365_7_temp_new_FINAL_32_ewt')": 1.7039080318,
        "('Corr', 'lstm_365_7_temp_new_FINAL_32_ewt')": 0.9352659598
    },
    "Day 6": {
        "('MAE', 'lstm_365_7_temp_new_FINAL_32_ewt')": 1.4234344422,
        "('RMSE', 'lstm_365_7_temp_new_FINAL_32_ewt')": 1.8564244715,
        "('Corr', 'lstm_365_7_temp_new_FINAL_32_ewt')": 0.9281339982
    },
    "Day 7": {
        "('MAE', 'lstm_365_7_temp_new_FINAL_32_ewt')": 1.4739835754,
        "('RMSE', 'lstm_365_7_temp_new_FINAL_32_ewt')": 1.9450866504,
        "('Corr', 'lstm_365_7_temp_new_FINAL_32_ewt')": 0.9216798284
    }
}